Rk,G,Date,Age,Tm,,Opp,,GS,MP,FG,FGA,FG%,3P,3PA,3P%,FT,FTA,FT%,ORB,DRB,TRB,AST,STL,BLK,TOV,PF,PTS,GmSc,+/-
1,1,2014-10-30,26-053,CLE,,NYK,L (-5),1,38:02,6,14,.429,3,6,.500,4,4,1.000,3,11,14,4,0,0,2,1,19,17.4,-4
2,2,2014-10-31,26-054,CLE,@,CHI,W (+6),1,41:09,5,17,.294,1,6,.167,5,6,.833,2,14,16,1,4,0,0,2,16,15.2,+7
3,3,2014-11-04,26-058,CLE,@,POR,L (-19),1,35:32,7,14,.500,5,8,.625,3,3,1.000,1,9,10,2,0,0,1,4,22,17.2,-8
4,4,2014-11-05,26-059,CLE,@,UTA,L (-2),1,38:04,2,10,.200,1,5,.200,9,11,.818,0,8,8,1,1,0,1,4,14,8.5,+1
5,5,2014-11-07,26-061,CLE,@,DEN,W (+9),1,36:08,6,16,.375,0,5,.000,7,8,.875,2,6,8,1,0,1,2,4,19,10.8,+15
6,6,2014-11-10,26-064,CLE,,NOP,W (+7),1,38:41,7,13,.538,6,9,.667,2,2,1.000,1,4,5,2,1,0,1,2,22,18.2,+1
7,7,2014-11-14,26-068,CLE,@,BOS,W (+1),1,37:07,2,10,.200,0,3,.000,8,12,.667,3,12,15,4,0,1,1,4,12,10.8,+2
8,8,2014-11-15,26-069,CLE,,ATL,W (+33),1,30:29,5,12,.417,3,7,.429,0,0,,0,6,6,5,0,0,1,1,13,10.5,+10
9,9,2014-11-17,26-071,CLE,,DEN,L (-9),1,37:56,7,13,.538,1,5,.200,5,6,.833,3,8,11,1,0,0,2,3,20,15.3,-14
10,10,2014-11-19,26-073,CLE,,SAS,L (-2),1,35:04,4,12,.333,0,2,.000,2,2,1.000,4,7,11,4,1,1,2,3,10,9.4,-5
11,11,2014-11-21,26-075,CLE,@,WAS,L (-13),1,31:16,3,8,.375,2,4,.500,0,0,,1,7,8,2,1,0,4,3,8,3.6,-11
12,12,2014-11-22,26-076,CLE,,TOR,L (-17),1,33:39,8,16,.500,0,1,.000,7,7,1.000,1,6,7,1,1,0,0,5,23,17.2,-2
13,13,2014-11-24,26-078,CLE,,ORL,W (+32),1,32:22,5,11,.455,0,1,.000,2,4,.500,2,6,8,5,2,0,1,2,12,12.4,+26
14,14,2014-11-26,26-080,CLE,,WAS,W (+26),1,28:50,7,10,.700,1,2,.500,6,7,.857,2,3,5,0,0,1,2,5,21,15.4,+25
15,15,2014-11-29,26-083,CLE,,IND,W (+12),1,33:25,9,13,.692,2,3,.667,8,9,.889,3,7,10,2,2,0,2,3,28,26.5,+17
16,16,2014-12-02,26-086,CLE,,MIL,W (+3),1,39:47,10,16,.625,4,8,.500,3,5,.600,2,9,11,0,0,1,7,2,27,16.0,+15
17,17,2014-12-04,26-088,CLE,@,NYK,W (+3),1,38:57,4,11,.364,0,2,.000,3,4,.750,2,9,11,2,0,1,1,1,11,9.3,+12
18,18,2014-12-05,26-089,CLE,@,TOR,W (+14),1,40:24,5,13,.385,3,8,.375,2,2,1.000,0,13,13,0,0,0,4,1,15,7.4,+13
19,19,2014-12-08,26-092,CLE,@,BRK,W (+22),1,31:53,7,14,.500,2,5,.400,3,6,.500,3,11,14,1,0,0,1,1,19,15.5,+13
20,20,2014-12-09,26-093,CLE,,TOR,W (+4),1,35:42,6,15,.400,1,5,.200,4,4,1.000,3,6,9,4,0,1,3,0,17,13.3,0
21,21,2014-12-11,26-095,CLE,@,OKC,L (-9),1,39:11,5,13,.385,2,5,.400,6,8,.750,2,14,16,2,1,0,3,3,18,13.9,-8
22,22,2014-12-12,26-096,CLE,@,NOP,L (-5),1,43:27,5,11,.455,1,5,.200,10,11,.909,3,4,7,3,2,1,1,3,21,20.8,-1
23,23,2014-12-15,26-099,CLE,,CHO,W (+9),1,38:47,7,14,.500,4,9,.444,4,5,.800,1,18,19,5,4,0,1,1,22,26.8,+16
24,24,2014-12-17,26-101,CLE,,ATL,L (-29),1,31:43,4,10,.400,2,6,.333,3,3,1.000,1,9,10,6,0,0,1,1,13,13.8,-20
25,25,2014-12-19,26-103,CLE,,BRK,W (+4),1,39:34,1,10,.100,0,4,.000,4,4,1.000,5,9,14,2,1,3,2,2,6,7.3,-5
26,26,2014-12-21,26-105,CLE,,MEM,W (+14),1,35:27,4,9,.444,0,0,,0,0,,0,8,8,2,0,1,2,4,8,4.2,+18
27,27,2014-12-23,26-107,CLE,,MIN,W (+21),1,35:54,5,11,.455,1,2,.500,9,11,.818,3,7,10,4,0,0,2,2,20,17.7,+22
28,28,2014-12-25,26-109,CLE,@,MIA,L (-10),1,39:00,5,13,.385,0,4,.000,4,4,1.000,1,4,5,3,1,1,2,0,14,10.6,-2
29,29,2014-12-26,26-110,CLE,@,ORL,W (+9),1,33:13,7,17,.412,3,8,.375,5,5,1.000,1,6,7,2,0,0,2,1,22,14.4,+2
30,30,2014-12-28,26-112,CLE,,DET,L (-23),1,34:01,9,19,.474,1,7,.143,1,2,.500,2,8,10,1,0,1,2,2,20,12.3,-25
31,31,2014-12-30,26-114,CLE,@,ATL,L (-8),1,24:19,1,8,.125,1,1,1.000,4,4,1.000,1,6,7,1,2,0,1,1,7,5.6,-6
32,,2014-12-31,26-115,CLE,,MIL,L (-16),Did Not Play,Did Not Play,Did Not Play,Did Not Play,Did Not Play,Did Not Play,Did Not Play,Did Not Play,Did Not Play,Did Not Play,Did Not Play,Did Not Play,Did Not Play,Did Not Play,Did Not Play,Did Not Play,Did Not Play,Did Not Play,Did Not Play,Did Not Play,Did Not Play,Did Not Play
33,32,2015-01-02,26-117,CLE,@,CHO,W (+4),1,37:51,9,15,.600,3,4,.750,6,10,.600,0,5,5,1,0,1,1,3,27,19.2,+10
34,33,2015-01-04,26-119,CLE,,DAL,L (-19),1,32:23,11,21,.524,3,7,.429,5,6,.833,6,4,10,3,1,1,2,1,30,26.1,-10
35,34,2015-01-05,26-120,CLE,@,PHI,L (-3),1,37:25,8,18,.444,1,6,.167,11,13,.846,4,15,19,2,2,0,3,1,28,25.1,0
36,35,2015-01-07,26-122,CLE,,HOU,L (-12),1,38:55,7,19,.368,0,3,.000,3,6,.500,3,13,16,4,0,0,1,3,17,11.9,-13
37,36,2015-01-09,26-124,CLE,@,GSW,L (-18),1,38:00,6,11,.545,1,2,.500,4,4,1.000,3,11,14,1,1,0,1,1,17,17.4,-7
38,37,2015-01-11,26-126,CLE,@,SAC,L (-19),1,34:43,10,21,.476,3,9,.333,2,3,.667,1,9,10,3,1,1,4,1,25,16.7,-21
39,38,2015-01-13,26-128,CLE,@,PHO,L (-7),1,26:43,3,11,.273,1,5,.200,2,2,1.000,6,3,9,0,0,1,1,1,9,6.9,-20
40,39,2015-01-15,26-130,CLE,@,LAL,W (+7),1,37:08,4,12,.333,1,6,.167,8,9,.889,1,6,7,1,1,0,1,2,17,12.2,+14
41,,2015-01-16,26-131,CLE,@,LAC,W (+5),Did Not Play,Did Not Play,Did Not Play,Did Not Play,Did Not Play,Did Not Play,Did Not Play,Did Not Play,Did Not Play,Did Not Play,Did Not Play,Did Not Play,Did Not Play,Did Not Play,Did Not Play,Did Not Play,Did Not Play,Did Not Play,Did Not Play,Did Not Play,Did Not Play,Did Not Play
42,40,2015-01-19,26-134,CLE,,CHI,W (+14),1,29:50,3,13,.231,1,3,.333,9,10,.900,5,7,12,2,1,0,3,4,16,11.1,+2
43,41,2015-01-21,26-136,CLE,,UTA,W (+14),1,32:46,7,15,.467,1,7,.143,4,4,1.000,5,8,13,2,1,2,2,2,19,18.2,+11
44,42,2015-01-23,26-138,CLE,,CHO,W (+39),1,29:59,3,7,.429,0,0,,3,4,.750,1,2,3,3,1,1,1,1,9,8.6,+33
45,43,2015-01-25,26-140,CLE,,OKC,W (+10),1,35:45,6,10,.600,5,7,.714,2,4,.500,3,10,13,1,0,1,3,1,19,16.7,-5
46,44,2015-01-27,26-142,CLE,@,DET,W (+8),1,32:28,3,11,.273,1,8,.125,0,0,,0,8,8,4,0,0,0,2,7,4.9,+11
47,45,2015-01-28,26-143,CLE,,POR,W (+5),1,39:01,3,15,.200,2,8,.250,2,2,1.000,2,10,12,2,0,0,0,1,10,6.1,-5
48,46,2015-01-30,26-145,CLE,,SAC,W (+11),1,29:04,9,17,.529,2,5,.400,3,3,1.000,1,9,10,3,0,0,2,2,23,17.4,+23
49,47,2015-01-31,26-146,CLE,@,MIN,W (+16),1,35:51,6,14,.429,1,5,.200,1,4,.250,6,11,17,3,0,0,2,1,14,12.6,+4
50,48,2015-02-02,26-148,CLE,,PHI,W (+13),1,32:44,1,7,.143,1,2,.500,2,2,1.000,3,12,15,2,1,1,1,1,5,7.9,+26
51,49,2015-02-05,26-151,CLE,,LAC,W (+11),1,28:40,6,14,.429,2,6,.333,10,12,.833,0,9,9,3,0,0,3,2,24,16.8,+23
52,50,2015-02-06,26-152,CLE,@,IND,L (-4),1,33:41,2,8,.250,1,4,.250,0,0,,0,8,8,2,0,0,0,4,5,2.4,+2
53,51,2015-02-08,26-154,CLE,,LAL,W (+15),1,34:31,11,18,.611,7,8,.875,3,5,.600,0,10,10,3,0,0,1,2,32,26.3,+23
54,52,2015-02-11,26-157,CLE,,MIA,W (+20),1,19:37,5,8,.625,1,4,.250,1,2,.500,1,5,6,4,2,1,0,1,12,15.3,+18
55,,2015-02-12,26-158,CLE,@,CHI,L (-15),Did Not Play,Did Not Play,Did Not Play,Did Not Play,Did Not Play,Did Not Play,Did Not Play,Did Not Play,Did Not Play,Did Not Play,Did Not Play,Did Not Play,Did Not Play,Did Not Play,Did Not Play,Did Not Play,Did Not Play,Did Not Play,Did Not Play,Did Not Play,Did Not Play,Did Not Play
56,53,2015-02-20,26-166,CLE,@,WAS,W (+38),1,30:29,3,8,.375,0,3,.000,2,4,.500,3,3,6,3,3,0,1,1,8,9.5,+14
57,54,2015-02-22,26-168,CLE,@,NYK,W (+18),1,29:04,7,14,.500,2,5,.400,0,0,,1,15,16,1,0,0,0,0,16,14.9,+28
58,55,2015-02-24,26-170,CLE,@,DET,W (+9),1,34:15,8,16,.500,8,14,.571,0,0,,0,9,9,3,1,0,0,2,24,21.0,-3
59,56,2015-02-26,26-172,CLE,,GSW,W (+11),1,37:29,5,10,.500,3,5,.600,3,4,.750,0,8,8,1,0,0,2,2,16,10.9,+11
60,57,2015-02-27,26-173,CLE,@,IND,L (-7),1,35:38,6,19,.316,1,7,.143,4,4,1.000,2,8,10,3,2,2,0,3,17,14.2,-1
61,58,2015-03-01,26-175,CLE,@,HOU,L (-2),1,35:01,8,19,.421,3,8,.375,2,2,1.000,2,4,6,3,0,0,1,4,21,13.0,-7
62,59,2015-03-03,26-177,CLE,,BOS,W (+31),1,24:53,4,10,.400,2,6,.333,2,2,1.000,0,8,8,3,0,1,0,0,12,11.8,+25
63,60,2015-03-04,26-178,CLE,@,TOR,W (+8),1,33:36,6,10,.600,4,7,.571,6,9,.667,3,7,10,1,1,0,0,1,22,21.7,+5
64,61,2015-03-06,26-180,CLE,@,ATL,L (-9),1,34:51,4,11,.364,4,10,.400,2,4,.500,2,6,8,1,1,1,1,2,14,10.9,+2
65,62,2015-03-07,26-181,CLE,,PHO,W (+10),1,33:27,3,6,.500,3,5,.600,4,4,1.000,0,10,10,4,1,1,2,2,13,14.7,+17
66,63,2015-03-10,26-184,CLE,@,DAL,W (+33),1,32:57,9,17,.529,2,6,.333,1,2,.500,2,12,14,2,0,1,3,2,21,15.6,+24
67,64,2015-03-12,26-186,CLE,@,SAS,W (+3),1,32:50,2,10,.200,2,4,.500,2,2,1.000,2,3,5,2,0,0,0,0,8,5.5,+1
68,,2015-03-15,26-189,CLE,@,ORL,W (+15),Inactive,Inactive,Inactive,Inactive,Inactive,Inactive,Inactive,Inactive,Inactive,Inactive,Inactive,Inactive,Inactive,Inactive,Inactive,Inactive,Inactive,Inactive,Inactive,Inactive,Inactive,Inactive
69,,2015-03-16,26-190,CLE,@,MIA,L (-14),Inactive,Inactive,Inactive,Inactive,Inactive,Inactive,Inactive,Inactive,Inactive,Inactive,Inactive,Inactive,Inactive,Inactive,Inactive,Inactive,Inactive,Inactive,Inactive,Inactive,Inactive,Inactive
70,65,2015-03-18,26-192,CLE,,BRK,W (+25),1,27:29,4,9,.444,0,2,.000,2,3,.667,2,9,11,4,0,0,3,1,10,8.4,+13
71,66,2015-03-20,26-194,CLE,,IND,W (+3),1,38:56,3,9,.333,1,4,.250,4,5,.800,2,11,13,1,0,1,0,0,11,11.6,+4
72,67,2015-03-22,26-196,CLE,@,MIL,W (+18),1,29:17,4,13,.308,1,5,.200,0,0,,2,1,3,2,0,0,2,1,9,2.2,-1
73,68,2015-03-25,26-199,CLE,@,MEM,W (+22),1,31:43,10,13,.769,2,4,.500,0,0,,1,9,10,4,1,2,5,0,22,20.5,+23
74,69,2015-03-27,26-201,CLE,@,BRK,L (-8),1,31:24,6,11,.545,2,4,.500,4,4,1.000,1,6,7,1,0,0,3,6,18,10.5,0
75,70,2015-03-29,26-203,CLE,,PHI,W (+1),1,30:58,4,10,.400,2,5,.400,0,1,.000,3,7,10,1,2,1,2,1,10,9.4,+11
76,,2015-04-02,26-207,CLE,,MIA,W (+26),Inactive,Inactive,Inactive,Inactive,Inactive,Inactive,Inactive,Inactive,Inactive,Inactive,Inactive,Inactive,Inactive,Inactive,Inactive,Inactive,Inactive,Inactive,Inactive,Inactive,Inactive,Inactive
77,71,2015-04-05,26-210,CLE,,CHI,W (+5),1,30:47,4,12,.333,3,8,.375,0,0,,1,3,4,2,2,1,2,1,11,7.5,+5
78,72,2015-04-08,26-213,CLE,@,MIL,W (+5),1,35:09,7,14,.500,1,5,.200,1,2,.500,2,9,11,0,1,2,2,1,16,12.7,+3
79,73,2015-04-10,26-215,CLE,,BOS,L (-9),1,30:51,6,12,.500,4,8,.500,3,3,1.000,2,4,6,4,0,0,2,1,19,16.0,+1
80,,2015-04-12,26-217,CLE,@,BOS,L (-39),Inactive,Inactive,Inactive,Inactive,Inactive,Inactive,Inactive,Inactive,Inactive,Inactive,Inactive,Inactive,Inactive,Inactive,Inactive,Inactive,Inactive,Inactive,Inactive,Inactive,Inactive,Inactive
81,74,2015-04-13,26-218,CLE,,DET,W (+12),1,26:14,3,9,.333,1,6,.167,0,0,,0,4,4,0,0,2,1,1,7,3.1,+6
82,75,2015-04-15,26-220,CLE,,WAS,W (+5),1,18:21,6,12,.500,5,6,.833,2,2,1.000,0,3,3,0,0,0,1,0,19,12.9,-6
1,1,2015-10-27,27-050,CLE,@,CHI,L (-2),1,34:49,6,17,.353,3,7,.429,3,3,1.000,4,4,8,4,0,2,2,0,18,14.7,+1
2,2,2015-10-28,27-051,CLE,@,MEM,W (+30),1,28:51,7,14,.500,2,7,.286,1,1,1.000,2,11,13,3,0,0,3,2,17,13.0,+18
3,3,2015-10-30,27-053,CLE,,MIA,W (+10),1,33:07,6,15,.400,3,7,.429,9,9,1.000,6,8,14,5,0,1,0,2,24,25.9,+3
4,4,2015-11-02,27-056,CLE,@,PHI,W (+7),1,28:34,7,14,.500,0,4,.000,1,1,1.000,1,7,8,2,0,0,2,2,15,9.4,+24
5,5,2015-11-04,27-058,CLE,,NYK,W (+10),1,32:21,4,13,.308,2,6,.333,1,2,.500,2,10,12,1,0,0,1,0,11,7.2,+10
6,6,2015-11-06,27-060,CLE,,PHI,W (+6),1,33:47,5,16,.313,2,10,.200,0,0,,5,9,14,2,2,0,5,2,12,6.6,+14
7,7,2015-11-08,27-062,CLE,,IND,W (+4),1,39:03,9,18,.500,2,6,.333,2,2,1.000,4,15,19,2,0,3,2,3,22,20.6,+14
8,8,2015-11-10,27-064,CLE,,UTA,W (+4),1,39:58,6,16,.375,4,10,.400,6,6,1.000,2,6,8,3,2,0,2,2,22,17.7,+3
9,9,2015-11-13,27-067,CLE,@,NYK,W (+6),1,34:11,2,10,.200,1,5,.200,2,4,.500,6,5,11,2,1,0,3,3,7,3.9,+5
10,10,2015-11-14,27-068,CLE,@,MIL,L (-3),1,44:00,8,18,.444,4,9,.444,4,6,.667,2,12,14,2,1,0,2,2,24,18.4,-5
11,11,2015-11-17,27-071,CLE,@,DET,L (-5),1,33:48,7,13,.538,1,4,.250,4,4,1.000,0,9,9,3,1,0,4,4,19,12.9,0
12,12,2015-11-19,27-073,CLE,,MIL,W (+15),1,34:23,7,15,.467,3,5,.600,5,5,1.000,5,10,15,1,1,1,4,3,22,18.0,+15
13,13,2015-11-21,27-075,CLE,,ATL,W (+12),1,31:10,9,15,.600,2,7,.286,5,6,.833,2,9,11,2,1,1,3,4,25,20.3,+11
14,14,2015-11-23,27-077,CLE,,ORL,W (+14),1,33:57,11,18,.611,6,9,.667,6,7,.857,0,8,8,4,0,1,2,1,34,28.9,+25
15,15,2015-11-25,27-079,CLE,@,TOR,L (-4),1,35:11,7,14,.500,5,8,.625,2,4,.500,3,10,13,2,0,0,3,5,21,14.7,-7
16,16,2015-11-27,27-081,CLE,@,CHO,W (+5),1,30:18,7,12,.583,2,3,.667,2,2,1.000,4,12,16,1,0,0,2,0,18,17.5,-7
17,17,2015-11-28,27-082,CLE,,BRK,W (+2),1,34:00,8,14,.571,6,11,.545,4,4,1.000,0,7,7,2,0,1,3,4,26,19.0,+5
18,18,2015-12-01,27-085,CLE,,WAS,L (-12),1,32:44,2,9,.222,0,3,.000,4,4,1.000,1,7,8,0,1,0,0,0,8,6.3,-24
19,19,2015-12-04,27-088,CLE,@,NOP,L (-6),1,37:14,6,16,.375,0,5,.000,3,5,.600,3,7,10,1,2,0,1,1,15,10.9,+4
20,20,2015-12-05,27-089,CLE,@,MIA,L (-15),1,22:16,2,11,.182,0,4,.000,1,1,1.000,3,5,8,2,0,0,3,2,5,-0.7,-10
21,21,2015-12-08,27-092,CLE,,POR,W (+5),1,29:54,5,12,.417,0,1,.000,8,10,.800,2,2,4,4,4,0,1,0,18,18.6,-2
22,22,2015-12-11,27-095,CLE,@,ORL,W (+35),1,27:52,2,6,.333,1,3,.333,3,4,.750,3,10,13,6,2,0,0,0,8,15.5,+28
23,23,2015-12-15,27-099,CLE,@,BOS,W (+12),1,34:01,7,16,.438,3,7,.429,3,4,.750,1,7,8,5,1,2,2,0,20,17.9,+20
24,24,2015-12-17,27-101,CLE,,OKC,W (+4),1,32:29,4,10,.400,2,5,.400,1,1,1.000,1,6,7,5,2,0,3,2,11,9.8,-10
25,25,2015-12-20,27-104,CLE,,PHI,W (+22),1,21:36,2,4,.500,1,2,.500,5,6,.833,0,5,5,1,1,0,2,4,10,7.2,+12
26,26,2015-12-23,27-107,CLE,,NYK,W (+7),1,34:07,8,17,.471,2,6,.333,5,7,.714,2,11,13,2,0,0,1,1,23,18.2,+6
27,27,2015-12-25,27-109,CLE,@,GSW,L (-6),1,39:17,5,16,.313,0,5,.000,0,0,,3,15,18,4,0,2,1,2,10,9.8,+2
28,28,2015-12-26,27-110,CLE,@,POR,L (-29),1,19:47,4,9,.444,4,7,.571,1,3,.333,1,4,5,0,0,0,2,0,13,7.4,-21
29,29,2015-12-28,27-112,CLE,@,PHO,W (+4),1,25:07,6,11,.545,3,6,.500,1,1,1.000,2,5,7,4,0,0,1,4,16,13.8,+15
30,30,2015-12-29,27-113,CLE,@,DEN,W (+6),1,36:20,4,16,.250,0,5,.000,0,2,.000,1,13,14,1,2,0,1,2,8,3.1,+16
31,31,2016-01-02,27-117,CLE,,ORL,W (+25),1,28:56,2,5,.400,1,2,.500,5,8,.625,1,12,13,2,1,0,1,1,10,11.4,+19
32,32,2016-01-04,27-119,CLE,,TOR,W (+22),1,33:07,4,11,.364,2,5,.400,4,4,1.000,4,5,9,2,2,3,1,3,14,15.5,+14
33,33,2016-01-06,27-121,CLE,@,WAS,W (+6),1,28:41,4,10,.400,0,1,.000,0,0,,5,4,9,0,2,1,2,3,8,6.8,+2
34,34,2016-01-08,27-123,CLE,@,MIN,W (+26),1,30:57,4,11,.364,2,4,.500,10,11,.909,1,8,9,4,0,1,0,1,20,19.7,+16
35,35,2016-01-10,27-125,CLE,@,PHI,W (+10),1,37:05,5,11,.455,1,4,.250,4,7,.571,4,11,15,6,2,0,3,3,15,16.2,+18
36,36,2016-01-12,27-127,CLE,@,DAL,W (+3),1,37:16,5,19,.263,3,9,.333,2,2,1.000,6,5,11,0,0,2,0,3,15,9.6,-6
37,37,2016-01-14,27-129,CLE,@,SAS,L (-4),1,37:09,4,10,.400,2,4,.500,0,0,,0,12,12,1,0,0,2,3,10,5.7,+6
38,38,2016-01-15,27-130,CLE,@,HOU,W (+14),1,32:35,4,13,.308,3,8,.375,0,0,,3,10,13,1,3,0,5,2,11,6.5,+7
39,39,2016-01-18,27-133,CLE,,GSW,L (-34),1,21:14,1,5,.200,1,3,.333,0,0,,1,5,6,2,0,1,1,1,3,2.8,-18
40,40,2016-01-20,27-135,CLE,@,BRK,W (+13),1,31:19,5,10,.500,1,3,.333,6,8,.750,0,18,18,0,2,0,4,3,17,13.4,+18
41,41,2016-01-21,27-136,CLE,,LAC,W (+13),1,33:29,4,10,.400,3,6,.500,7,8,.875,2,14,16,2,1,0,5,3,18,14.0,+11
42,42,2016-01-23,27-138,CLE,,CHI,L (-13),1,33:03,6,12,.500,1,5,.200,1,4,.250,1,4,5,2,1,0,1,3,14,8.9,-7
43,43,2016-01-25,27-140,CLE,,MIN,W (+7),1,36:09,5,11,.455,1,7,.143,0,1,.000,1,5,6,2,2,0,1,3,11,8.3,+10
44,44,2016-01-27,27-142,CLE,,PHO,W (+22),1,27:30,8,17,.471,3,8,.375,2,2,1.000,3,8,11,4,2,2,1,2,21,21.2,+12
45,45,2016-01-29,27-144,CLE,@,DET,W (+8),1,37:15,9,19,.474,5,7,.714,6,6,1.000,0,6,6,3,0,0,0,3,29,22.0,+17
46,46,2016-01-30,27-145,CLE,,SAS,W (+14),1,31:21,8,13,.615,3,6,.500,2,2,1.000,3,8,11,3,0,1,1,2,21,20.6,+4
47,47,2016-02-01,27-147,CLE,@,IND,W (+5),1,41:48,7,15,.467,2,5,.400,3,4,.750,0,8,8,2,2,2,2,4,19,14.5,+1
48,48,2016-02-03,27-149,CLE,@,CHO,L (-9),1,36:01,4,12,.333,2,7,.286,2,2,1.000,1,11,12,1,2,2,1,1,12,11.9,0
49,49,2016-02-05,27-151,CLE,,BOS,L (-1),1,21:40,4,10,.400,2,6,.333,0,0,,1,4,5,2,0,1,0,0,10,8.6,-2
50,,2016-02-06,27-152,CLE,,NOP,W (+15),Did Not Play,Did Not Play,Did Not Play,Did Not Play,Did Not Play,Did Not Play,Did Not Play,Did Not Play,Did Not Play,Did Not Play,Did Not Play,Did Not Play,Did Not Play,Did Not Play,Did Not Play,Did Not Play,Did Not Play,Did Not Play,Did Not Play,Did Not Play,Did Not Play,Did Not Play
51,50,2016-02-08,27-154,CLE,,SAC,W (+20),1,27:56,2,10,.200,2,6,.333,5,6,.833,1,5,6,2,0,0,2,2,11,5.2,+13
52,51,2016-02-10,27-156,CLE,,LAL,W (+9),1,19:40,2,9,.222,2,5,.400,2,2,1.000,0,6,6,3,1,0,0,2,8,6.6,+16
53,52,2016-02-18,27-164,CLE,,CHI,W (+11),1,29:31,5,10,.500,2,6,.333,3,4,.750,1,13,14,2,0,1,0,2,15,15.5,+15
54,53,2016-02-21,27-167,CLE,@,OKC,W (+23),1,37:39,9,18,.500,0,4,.000,11,12,.917,3,8,11,4,0,0,0,0,29,26.9,+24
55,54,2016-02-22,27-168,CLE,,DET,L (-8),1,35:32,8,15,.533,3,7,.429,5,5,1.000,0,7,7,3,0,0,2,2,24,18.1,-11
56,55,2016-02-24,27-170,CLE,,CHO,W (+11),1,26:00,4,11,.364,0,3,.000,0,0,,0,2,2,2,2,0,2,3,8,2.7,+12
57,56,2016-02-26,27-172,CLE,@,TOR,L (-2),1,35:08,5,15,.333,2,5,.400,8,10,.800,3,6,9,5,1,0,0,3,20,17.9,+3
58,57,2016-02-28,27-174,CLE,@,WAS,L (-14),1,23:33,4,11,.364,0,1,.000,4,4,1.000,2,3,5,1,0,0,2,0,12,6.9,-14
59,58,2016-02-29,27-175,CLE,,IND,W (+4),1,40:23,4,14,.286,1,5,.200,4,4,1.000,1,7,8,6,0,1,1,3,13,10.3,+2
60,,2016-03-04,27-179,CLE,,WAS,W (+25),Did Not Play,Did Not Play,Did Not Play,Did Not Play,Did Not Play,Did Not Play,Did Not Play,Did Not Play,Did Not Play,Did Not Play,Did Not Play,Did Not Play,Did Not Play,Did Not Play,Did Not Play,Did Not Play,Did Not Play,Did Not Play,Did Not Play,Did Not Play,Did Not Play,Did Not Play
61,59,2016-03-05,27-180,CLE,,BOS,W (+17),1,30:04,1,6,.167,0,3,.000,8,9,.889,1,3,4,3,1,0,1,1,10,9.1,+8
62,60,2016-03-07,27-182,CLE,,MEM,L (-3),1,32:59,2,9,.222,0,3,.000,10,10,1.000,4,7,11,3,0,1,4,0,14,12.2,-4
63,61,2016-03-09,27-184,CLE,@,SAC,W (+9),1,34:58,4,13,.308,2,8,.250,7,7,1.000,1,9,10,3,2,1,4,3,17,12.5,+19
64,,2016-03-10,27-185,CLE,@,LAL,W (+12),Did Not Play,Did Not Play,Did Not Play,Did Not Play,Did Not Play,Did Not Play,Did Not Play,Did Not Play,Did Not Play,Did Not Play,Did Not Play,Did Not Play,Did Not Play,Did Not Play,Did Not Play,Did Not Play,Did Not Play,Did Not Play,Did Not Play,Did Not Play,Did Not Play,Did Not Play
65,62,2016-03-13,27-188,CLE,@,LAC,W (+24),1,24:32,5,11,.455,0,4,.000,2,4,.500,0,9,9,1,0,0,0,0,12,8.9,+1
66,63,2016-03-14,27-189,CLE,@,UTA,L (-9),1,34:15,4,11,.364,2,7,.286,2,2,1.000,1,8,9,2,0,0,3,2,12,6.6,-4
67,64,2016-03-16,27-191,CLE,,DAL,W (+1),1,33:37,8,19,.421,2,6,.333,5,6,.833,4,14,18,1,0,2,2,3,23,18.4,+16
68,65,2016-03-18,27-193,CLE,@,ORL,W (+6),1,23:05,5,10,.500,3,5,.600,1,2,.500,1,5,6,2,0,0,3,3,14,8.0,-5
69,66,2016-03-19,27-194,CLE,@,MIA,L (-21),1,16:18,3,7,.429,1,4,.250,0,0,,0,1,1,1,0,0,1,3,7,2.1,-13
70,,2016-03-21,27-196,CLE,,DEN,W (+33),Did Not Play,Did Not Play,Did Not Play,Did Not Play,Did Not Play,Did Not Play,Did Not Play,Did Not Play,Did Not Play,Did Not Play,Did Not Play,Did Not Play,Did Not Play,Did Not Play,Did Not Play,Did Not Play,Did Not Play,Did Not Play,Did Not Play,Did Not Play,Did Not Play,Did Not Play
71,67,2016-03-23,27-198,CLE,,MIL,W (+9),1,31:11,8,14,.571,4,10,.400,4,5,.800,2,8,10,4,1,2,4,3,24,20.8,+14
72,68,2016-03-24,27-199,CLE,@,BRK,L (-9),1,33:16,5,14,.357,0,5,.000,1,2,.500,3,9,12,3,0,1,2,1,11,8.0,-8
73,69,2016-03-26,27-201,CLE,@,NYK,W (+14),1,34:27,10,19,.526,4,9,.444,4,6,.667,3,9,12,2,0,0,0,1,28,23.7,+13
74,70,2016-03-29,27-204,CLE,,HOU,L (-6),1,29:31,5,14,.357,2,6,.333,1,2,.500,1,10,11,0,0,0,1,3,13,6.3,-16
75,71,2016-03-31,27-206,CLE,,BRK,W (+20),1,24:53,6,10,.600,4,8,.500,3,4,.750,3,7,10,2,1,1,3,0,19,18.3,+20
76,72,2016-04-01,27-207,CLE,@,ATL,W (+2),1,33:48,5,11,.455,3,9,.333,2,4,.500,0,6,6,4,1,0,3,5,15,9.1,+8
77,73,2016-04-03,27-209,CLE,,CHO,W (+9),1,32:12,10,18,.556,5,8,.625,0,0,,2,7,9,4,0,1,3,4,25,18.8,-5
78,74,2016-04-05,27-211,CLE,@,MIL,W (+29),1,25:28,6,11,.545,3,6,.500,2,2,1.000,0,9,9,3,0,0,2,1,17,14.1,+17
79,75,2016-04-06,27-212,CLE,@,IND,L (-14),1,18:32,5,13,.385,3,5,.600,10,10,1.000,0,5,5,0,0,0,1,3,23,15.2,0
80,76,2016-04-09,27-215,CLE,@,CHI,L (-3),1,35:40,6,17,.353,4,9,.444,4,5,.800,3,10,13,3,0,0,3,3,20,13.1,+11
81,77,2016-04-11,27-217,CLE,,ATL,W (+15),1,29:28,2,8,.250,2,5,.400,4,4,1.000,1,13,14,2,2,0,1,2,10,11.4,+9
82,,2016-04-13,27-219,CLE,,DET,L (-2),Did Not Play,Did Not Play,Did Not Play,Did Not Play,Did Not Play,Did Not Play,Did Not Play,Did Not Play,Did Not Play,Did Not Play,Did Not Play,Did Not Play,Did Not Play,Did Not Play,Did Not Play,Did Not Play,Did Not Play,Did Not Play,Did Not Play,Did Not Play,Did Not Play,Did Not Play
1,1,2016-10-25,28-048,CLE,,NYK,W (+29),1,24:58,6,15,.400,2,6,.333,9,12,.750,2,10,12,2,3,0,2,3,23,19.3,+24
2,2,2016-10-28,28-051,CLE,@,TOR,W (+3),1,35:39,6,15,.400,2,5,.400,4,4,1.000,2,8,10,2,1,1,0,2,18,16.0,+5
3,3,2016-10-29,28-052,CLE,,ORL,W (+6),1,32:48,6,17,.353,0,5,.000,7,7,1.000,3,2,5,0,0,1,4,6,19,6.5,-4
4,4,2016-11-01,28-055,CLE,,HOU,W (+8),1,30:32,9,16,.563,1,2,.500,5,5,1.000,1,4,5,0,2,1,2,1,24,18.6,+2
5,5,2016-11-03,28-057,CLE,,BOS,W (+6),1,33:03,5,15,.333,4,8,.500,12,13,.923,2,6,8,0,0,0,1,0,26,19.3,-8
6,6,2016-11-05,28-059,CLE,@,PHI,W (+1),1,37:39,8,16,.500,2,5,.400,2,3,.667,1,10,11,1,0,1,2,1,20,14.3,-4
7,7,2016-11-08,28-062,CLE,,ATL,L (-4),1,38:10,7,17,.412,0,4,.000,10,11,.909,6,6,12,3,3,0,2,4,24,22.0,-9
8,8,2016-11-11,28-065,CLE,@,WAS,W (+11),1,33:36,4,12,.333,0,1,.000,6,9,.667,7,9,16,1,1,0,3,4,14,10.7,+15
9,9,2016-11-13,28-067,CLE,,CHO,W (+7),1,26:03,6,10,.600,2,3,.667,3,4,.750,4,7,11,4,1,0,1,3,17,18.5,+2
10,10,2016-11-15,28-069,CLE,,TOR,W (+4),1,34:35,5,16,.313,1,7,.143,8,9,.889,4,9,13,1,0,3,3,1,19,14.3,+18
11,11,2016-11-16,28-070,CLE,@,IND,L (-10),1,33:25,11,23,.478,4,10,.400,1,4,.250,3,13,16,1,0,0,2,0,27,18.8,-10
12,12,2016-11-18,28-072,CLE,,DET,W (+23),1,27:00,5,10,.500,0,1,.000,2,2,1.000,1,12,13,1,0,0,4,1,12,7.6,+31
13,13,2016-11-23,28-077,CLE,,POR,W (+12),1,31:51,12,20,.600,8,12,.667,8,8,1.000,4,4,8,3,1,1,1,2,40,36.8,+20
14,14,2016-11-25,28-079,CLE,,DAL,W (+38),1,28:29,8,14,.571,7,9,.778,4,4,1.000,1,9,10,4,3,0,1,1,27,28.2,+38
15,15,2016-11-27,28-081,CLE,@,PHI,W (+4),1,27:54,6,13,.462,4,8,.500,9,9,1.000,3,8,11,1,0,0,1,0,25,22.5,+10
16,16,2016-11-29,28-083,CLE,@,MIL,L (-17),1,30:58,3,10,.300,2,7,.286,5,7,.714,1,12,13,2,1,0,1,2,13,11.3,-9
17,17,2016-12-01,28-085,CLE,,LAC,L (-19),1,24:30,7,11,.636,2,5,.400,0,0,,0,4,4,0,0,0,3,3,16,8.1,-6
18,18,2016-12-02,28-086,CLE,@,CHI,L (-6),1,41:48,5,14,.357,3,7,.429,2,3,.667,0,9,9,3,1,1,3,3,15,9.1,-9
19,19,2016-12-05,28-089,CLE,@,TOR,W (+4),1,37:32,8,18,.444,6,11,.545,6,6,1.000,2,12,14,0,0,0,2,2,28,20.8,+2
20,20,2016-12-07,28-091,CLE,@,NYK,W (+32),1,27:03,6,16,.375,4,12,.333,5,5,1.000,1,2,3,2,2,0,2,0,21,14.9,+27
21,21,2016-12-09,28-093,CLE,,MIA,W (+30),1,30:54,11,18,.611,3,8,.375,3,4,.750,5,10,15,3,1,1,3,1,28,26.3,+20
22,22,2016-12-10,28-094,CLE,,CHO,W (+11),1,35:34,7,12,.583,0,4,.000,8,10,.800,1,5,6,1,3,0,2,4,22,17.9,+13
23,23,2016-12-13,28-097,CLE,,MEM,W (+17),1,34:39,9,17,.529,3,6,.500,8,8,1.000,3,10,13,3,2,0,2,0,29,27.9,+23
24,,2016-12-14,28-098,CLE,@,MEM,L (-8),Not With Team,Not With Team,Not With Team,Not With Team,Not With Team,Not With Team,Not With Team,Not With Team,Not With Team,Not With Team,Not With Team,Not With Team,Not With Team,Not With Team,Not With Team,Not With Team,Not With Team,Not With Team,Not With Team,Not With Team,Not With Team,Not With Team
25,24,2016-12-17,28-101,CLE,,LAL,W (+11),1,33:09,11,20,.550,3,7,.429,2,3,.667,3,14,17,4,1,0,2,1,27,24.7,+7
26,,2016-12-20,28-104,CLE,@,MIL,W (+6),Not With Team,Not With Team,Not With Team,Not With Team,Not With Team,Not With Team,Not With Team,Not With Team,Not With Team,Not With Team,Not With Team,Not With Team,Not With Team,Not With Team,Not With Team,Not With Team,Not With Team,Not With Team,Not With Team,Not With Team,Not With Team,Not With Team
27,,2016-12-21,28-105,CLE,,MIL,W (+11),Did Not Dress,Did Not Dress,Did Not Dress,Did Not Dress,Did Not Dress,Did Not Dress,Did Not Dress,Did Not Dress,Did Not Dress,Did Not Dress,Did Not Dress,Did Not Dress,Did Not Dress,Did Not Dress,Did Not Dress,Did Not Dress,Did Not Dress,Did Not Dress,Did Not Dress,Did Not Dress,Did Not Dress,Did Not Dress
28,25,2016-12-23,28-107,CLE,,BRK,W (+20),1,25:02,4,14,.286,2,7,.286,4,4,1.000,1,14,15,0,0,1,1,0,14,10.4,+28
29,26,2016-12-25,28-109,CLE,,GSW,W (+1),1,31:52,5,13,.385,3,7,.429,7,8,.875,1,5,6,3,1,0,0,5,20,15.8,+12
30,27,2016-12-26,28-110,CLE,@,DET,L (-16),1,25:53,6,14,.429,3,6,.500,2,2,1.000,4,10,14,1,2,1,5,2,17,13.0,-1
31,28,2016-12-29,28-113,CLE,,BOS,W (+6),1,34:28,10,22,.455,6,16,.375,4,4,1.000,3,12,15,2,2,0,4,4,30,22.1,+18
32,29,2016-12-31,28-115,CLE,@,CHO,W (+12),1,39:03,8,20,.400,4,8,.500,8,8,1.000,2,8,10,0,0,0,2,0,28,19.0,+10
33,30,2017-01-02,28-117,CLE,,NOP,W (+8),1,24:08,5,19,.263,0,7,.000,2,3,.667,3,8,11,3,1,0,1,1,12,6.5,+2
34,,2017-01-04,28-119,CLE,,CHI,L (-12),Did Not Dress,Did Not Dress,Did Not Dress,Did Not Dress,Did Not Dress,Did Not Dress,Did Not Dress,Did Not Dress,Did Not Dress,Did Not Dress,Did Not Dress,Did Not Dress,Did Not Dress,Did Not Dress,Did Not Dress,Did Not Dress,Did Not Dress,Did Not Dress,Did Not Dress,Did Not Dress,Did Not Dress,Did Not Dress
35,31,2017-01-06,28-121,CLE,@,BRK,W (+8),1,36:18,5,16,.313,4,9,.444,3,3,1.000,3,10,13,2,0,0,4,2,17,9.5,+5
36,32,2017-01-08,28-123,CLE,@,PHO,W (+4),1,35:51,8,17,.471,3,10,.300,6,6,1.000,5,5,10,1,0,1,1,1,25,21.3,+1
37,33,2017-01-10,28-125,CLE,@,UTA,L (-8),1,37:09,4,14,.286,2,6,.333,2,2,1.000,0,9,9,3,0,0,2,4,12,5.0,-2
38,34,2017-01-11,28-126,CLE,@,POR,L (-16),1,28:21,5,15,.333,3,9,.333,4,4,1.000,0,8,8,1,0,0,1,0,17,10.6,-10
39,35,2017-01-13,28-128,CLE,@,SAC,W (+12),1,31:03,6,16,.375,1,6,.167,2,2,1.000,5,12,17,1,0,0,2,1,15,11.6,+14
40,36,2017-01-16,28-131,CLE,@,GSW,L (-35),1,16:10,1,6,.167,0,2,.000,1,1,1.000,2,1,3,1,0,0,0,2,3,0.8,-23
41,,2017-01-19,28-134,CLE,,PHO,W (+15),Did Not Dress,Did Not Dress,Did Not Dress,Did Not Dress,Did Not Dress,Did Not Dress,Did Not Dress,Did Not Dress,Did Not Dress,Did Not Dress,Did Not Dress,Did Not Dress,Did Not Dress,Did Not Dress,Did Not Dress,Did Not Dress,Did Not Dress,Did Not Dress,Did Not Dress,Did Not Dress,Did Not Dress,Did Not Dress
42,37,2017-01-21,28-136,CLE,,SAS,L (-3),1,35:51,4,15,.267,3,11,.273,2,3,.667,1,10,11,3,0,0,3,3,13,5.3,+26
43,38,2017-01-23,28-138,CLE,@,NOP,L (-2),1,37:33,7,15,.467,1,5,.200,7,8,.875,6,10,16,6,0,0,3,1,22,21.9,+7
44,39,2017-01-25,28-140,CLE,,SAC,L (-4),1,39:24,7,16,.438,4,9,.444,3,6,.500,4,12,16,5,1,0,4,3,21,17.1,+9
45,40,2017-01-27,28-142,CLE,,BRK,W (+8),1,27:52,5,13,.385,3,6,.500,0,0,,2,12,14,2,1,1,2,1,13,11.6,+13
46,41,2017-01-29,28-144,CLE,,OKC,W (+16),1,12:19,0,4,.000,0,3,.000,1,2,.500,0,8,8,1,0,0,0,1,1,0.5,-3
47,,2017-01-30,28-145,CLE,@,DAL,L (-7),Not With Team,Not With Team,Not With Team,Not With Team,Not With Team,Not With Team,Not With Team,Not With Team,Not With Team,Not With Team,Not With Team,Not With Team,Not With Team,Not With Team,Not With Team,Not With Team,Not With Team,Not With Team,Not With Team,Not With Team,Not With Team,Not With Team
48,,2017-02-01,28-147,CLE,,MIN,W (+28),Did Not Dress,Did Not Dress,Did Not Dress,Did Not Dress,Did Not Dress,Did Not Dress,Did Not Dress,Did Not Dress,Did Not Dress,Did Not Dress,Did Not Dress,Did Not Dress,Did Not Dress,Did Not Dress,Did Not Dress,Did Not Dress,Did Not Dress,Did Not Dress,Did Not Dress,Did Not Dress,Did Not Dress,Did Not Dress
49,42,2017-02-04,28-150,CLE,@,NYK,W (+7),1,35:29,7,16,.438,4,7,.571,5,6,.833,5,11,16,1,1,0,5,1,23,17.3,+7
50,43,2017-02-06,28-152,CLE,@,WAS,W (+5),1,41:43,11,17,.647,6,10,.600,11,11,1.000,4,8,12,3,3,0,4,3,39,36.6,+6
51,44,2017-02-08,28-154,CLE,@,IND,W (+15),1,34:42,3,11,.273,1,7,.143,7,7,1.000,0,10,10,2,1,1,1,2,14,11.8,+19
52,45,2017-02-09,28-155,CLE,@,OKC,L (-9),1,30:39,5,12,.417,0,1,.000,5,5,1.000,1,11,12,0,3,0,2,0,15,13.6,-9
53,46,2017-02-11,28-157,CLE,,DEN,W (+16),1,33:48,5,11,.455,3,5,.600,3,4,.750,3,6,9,5,0,0,2,0,16,15.3,+10
54,,2017-02-14,28-160,CLE,@,MIN,W (+8),Inactive,Inactive,Inactive,Inactive,Inactive,Inactive,Inactive,Inactive,Inactive,Inactive,Inactive,Inactive,Inactive,Inactive,Inactive,Inactive,Inactive,Inactive,Inactive,Inactive,Inactive,Inactive
55,,2017-02-15,28-161,CLE,,IND,W (+9),Inactive,Inactive,Inactive,Inactive,Inactive,Inactive,Inactive,Inactive,Inactive,Inactive,Inactive,Inactive,Inactive,Inactive,Inactive,Inactive,Inactive,Inactive,Inactive,Inactive,Inactive,Inactive
56,,2017-02-23,28-169,CLE,,NYK,W (+15),Inactive,Inactive,Inactive,Inactive,Inactive,Inactive,Inactive,Inactive,Inactive,Inactive,Inactive,Inactive,Inactive,Inactive,Inactive,Inactive,Inactive,Inactive,Inactive,Inactive,Inactive,Inactive
57,,2017-02-25,28-171,CLE,,CHI,L (-18),Inactive,Inactive,Inactive,Inactive,Inactive,Inactive,Inactive,Inactive,Inactive,Inactive,Inactive,Inactive,Inactive,Inactive,Inactive,Inactive,Inactive,Inactive,Inactive,Inactive,Inactive,Inactive
58,,2017-02-27,28-173,CLE,,MIL,W (+7),Inactive,Inactive,Inactive,Inactive,Inactive,Inactive,Inactive,Inactive,Inactive,Inactive,Inactive,Inactive,Inactive,Inactive,Inactive,Inactive,Inactive,Inactive,Inactive,Inactive,Inactive,Inactive
59,,2017-03-01,28-175,CLE,@,BOS,L (-4),Inactive,Inactive,Inactive,Inactive,Inactive,Inactive,Inactive,Inactive,Inactive,Inactive,Inactive,Inactive,Inactive,Inactive,Inactive,Inactive,Inactive,Inactive,Inactive,Inactive,Inactive,Inactive
60,,2017-03-03,28-177,CLE,@,ATL,W (+5),Inactive,Inactive,Inactive,Inactive,Inactive,Inactive,Inactive,Inactive,Inactive,Inactive,Inactive,Inactive,Inactive,Inactive,Inactive,Inactive,Inactive,Inactive,Inactive,Inactive,Inactive,Inactive
61,,2017-03-04,28-178,CLE,@,MIA,L (-28),Inactive,Inactive,Inactive,Inactive,Inactive,Inactive,Inactive,Inactive,Inactive,Inactive,Inactive,Inactive,Inactive,Inactive,Inactive,Inactive,Inactive,Inactive,Inactive,Inactive,Inactive,Inactive
62,,2017-03-06,28-180,CLE,,MIA,L (-8),Inactive,Inactive,Inactive,Inactive,Inactive,Inactive,Inactive,Inactive,Inactive,Inactive,Inactive,Inactive,Inactive,Inactive,Inactive,Inactive,Inactive,Inactive,Inactive,Inactive,Inactive,Inactive
63,,2017-03-09,28-183,CLE,@,DET,L (-5),Inactive,Inactive,Inactive,Inactive,Inactive,Inactive,Inactive,Inactive,Inactive,Inactive,Inactive,Inactive,Inactive,Inactive,Inactive,Inactive,Inactive,Inactive,Inactive,Inactive,Inactive,Inactive
64,,2017-03-11,28-185,CLE,@,ORL,W (+12),Inactive,Inactive,Inactive,Inactive,Inactive,Inactive,Inactive,Inactive,Inactive,Inactive,Inactive,Inactive,Inactive,Inactive,Inactive,Inactive,Inactive,Inactive,Inactive,Inactive,Inactive,Inactive
65,,2017-03-12,28-186,CLE,@,HOU,L (-5),Inactive,Inactive,Inactive,Inactive,Inactive,Inactive,Inactive,Inactive,Inactive,Inactive,Inactive,Inactive,Inactive,Inactive,Inactive,Inactive,Inactive,Inactive,Inactive,Inactive,Inactive,Inactive
66,,2017-03-14,28-188,CLE,,DET,W (+32),Inactive,Inactive,Inactive,Inactive,Inactive,Inactive,Inactive,Inactive,Inactive,Inactive,Inactive,Inactive,Inactive,Inactive,Inactive,Inactive,Inactive,Inactive,Inactive,Inactive,Inactive,Inactive
67,47,2017-03-16,28-190,CLE,,UTA,W (+8),1,19:45,5,9,.556,0,3,.000,0,0,,2,7,9,0,0,0,1,0,10,8.2,-5
68,,2017-03-18,28-192,CLE,@,LAC,L (-30),Inactive,Inactive,Inactive,Inactive,Inactive,Inactive,Inactive,Inactive,Inactive,Inactive,Inactive,Inactive,Inactive,Inactive,Inactive,Inactive,Inactive,Inactive,Inactive,Inactive,Inactive,Inactive
69,48,2017-03-19,28-193,CLE,@,LAL,W (+5),1,25:54,6,15,.400,3,7,.429,6,7,.857,4,11,15,0,0,0,1,2,21,16.8,+3
70,49,2017-03-22,28-196,CLE,@,DEN,L (-13),1,22:07,3,9,.333,3,7,.429,0,0,,1,6,7,1,2,1,0,1,9,9.4,-6
71,50,2017-03-24,28-198,CLE,@,CHO,W (+7),1,28:58,6,12,.500,0,3,.000,3,4,.750,1,11,12,4,0,0,2,4,15,11.8,-8
72,51,2017-03-25,28-199,CLE,,WAS,L (-12),1,32:47,5,11,.455,3,6,.500,4,4,1.000,2,5,7,0,1,1,2,3,17,12.7,-10
73,52,2017-03-27,28-201,CLE,@,SAS,L (-29),1,27:05,4,12,.333,1,6,.167,0,0,,2,5,7,4,2,0,2,2,9,7.1,-19
74,53,2017-03-30,28-204,CLE,@,CHI,L (-6),1,20:33,3,10,.300,0,1,.000,2,2,1.000,3,7,10,4,0,2,1,6,8,7.2,-12
75,54,2017-03-31,28-205,CLE,,PHI,W (+17),1,29:44,6,14,.429,2,5,.400,4,5,.800,1,9,10,3,3,0,3,2,18,14.9,+15
76,55,2017-04-02,28-207,CLE,,IND,W (+5),1,37:28,8,12,.667,3,6,.500,1,2,.500,3,9,12,1,0,0,4,2,20,15.1,+4
77,56,2017-04-04,28-209,CLE,,ORL,W (+20),1,28:26,9,18,.500,5,9,.556,5,6,.833,2,9,11,2,2,1,1,2,28,25.0,+25
78,57,2017-04-05,28-210,CLE,@,BOS,W (+23),1,32:11,5,15,.333,1,5,.200,4,4,1.000,5,11,16,1,0,0,0,4,15,12.4,+18
79,58,2017-04-07,28-212,CLE,,ATL,L (-14),1,34:40,6,17,.353,3,10,.300,0,0,,0,15,15,3,0,0,2,4,15,8.5,-12
80,59,2017-04-09,28-214,CLE,@,ATL,L (-1),1,42:27,4,14,.286,1,5,.200,2,4,.500,6,9,15,5,0,1,4,5,11,7.1,+11
81,60,2017-04-10,28-215,CLE,@,MIA,L (-3),1,36:08,8,18,.444,1,6,.167,8,8,1.000,1,9,10,0,1,0,1,6,25,16.6,-6
82,,2017-04-12,28-217,CLE,,TOR,L (-15),Did Not Play,Did Not Play,Did Not Play,Did Not Play,Did Not Play,Did Not Play,Did Not Play,Did Not Play,Did Not Play,Did Not Play,Did Not Play,Did Not Play,Did Not Play,Did Not Play,Did Not Play,Did Not Play,Did Not Play,Did Not Play,Did Not Play,Did Not Play,Did Not Play,Did Not Play
1,1,2017-10-17,29-040,CLE,,BOS,W (+3),1,28:24,4,9,.444,1,4,.250,6,7,.857,3,8,11,0,0,0,2,2,15,11.6,+1
2,2,2017-10-20,29-043,CLE,@,MIL,W (+19),1,26:50,5,12,.417,0,3,.000,7,7,1.000,2,10,12,6,0,2,4,2,17,15.8,-2
3,3,2017-10-21,29-044,CLE,,ORL,L (-21),1,27:06,8,17,.471,0,5,.000,3,4,.750,1,8,9,1,1,1,2,2,19,12.6,-12
4,4,2017-10-24,29-047,CLE,,CHI,W (+7),1,29:22,7,16,.438,3,7,.429,3,4,.750,3,9,12,2,0,0,2,2,20,14.6,+1
5,5,2017-10-25,29-048,CLE,@,BRK,L (-5),1,32:35,4,13,.308,2,6,.333,5,6,.833,5,7,12,0,0,0,6,2,15,5.9,-3
6,6,2017-10-28,29-051,CLE,@,NOP,L (-22),1,27:27,7,12,.583,5,6,.833,7,7,1.000,1,10,11,1,1,0,2,1,26,23.4,-12
7,7,2017-10-29,29-052,CLE,,NYK,L (-19),1,34:33,5,15,.333,3,8,.375,9,10,.900,4,7,11,1,1,0,2,4,22,16.1,-15
8,8,2017-11-01,29-055,CLE,,IND,L (-17),1,36:00,4,12,.333,2,6,.333,3,4,.750,2,11,13,3,0,1,0,0,13,13.3,-10
9,9,2017-11-03,29-057,CLE,@,WAS,W (+8),1,26:30,2,5,.400,2,5,.400,5,5,1.000,0,8,8,0,1,0,2,3,11,8.5,+1
10,10,2017-11-05,29-059,CLE,,ATL,L (-2),1,18:29,1,6,.167,0,2,.000,2,2,1.000,3,1,4,1,3,0,0,4,4,4.7,-15
11,11,2017-11-07,29-061,CLE,,MIL,W (+5),1,34:51,9,14,.643,0,0,,14,16,.875,8,8,16,3,2,1,2,1,32,35.4,+2
12,12,2017-11-09,29-063,CLE,@,HOU,L (-4),1,28:45,5,12,.417,3,6,.500,4,4,1.000,2,4,6,4,1,0,4,6,17,10.6,+1
13,13,2017-11-11,29-065,CLE,@,DAL,W (+7),1,35:34,11,19,.579,3,5,.600,4,4,1.000,4,11,15,3,0,1,1,1,29,27.6,+13
14,14,2017-11-13,29-067,CLE,@,NYK,W (+3),1,23:06,2,9,.222,0,4,.000,2,2,1.000,3,3,6,2,0,0,2,1,6,2.5,-15
15,15,2017-11-15,29-069,CLE,@,CHO,W (+8),1,27:17,9,16,.563,1,3,.333,3,3,1.000,2,8,10,0,1,1,2,3,22,16.7,-6
16,16,2017-11-17,29-071,CLE,,LAC,W (+5),1,42:17,9,18,.500,3,7,.429,4,4,1.000,4,4,8,2,2,1,1,4,25,21.5,+9
17,17,2017-11-20,29-074,CLE,@,DET,W (+28),1,25:51,8,12,.667,1,2,.500,2,2,1.000,2,9,11,4,0,0,2,3,19,17.5,+30
18,18,2017-11-22,29-076,CLE,,BRK,W (+10),1,31:15,7,17,.412,0,4,.000,4,6,.667,2,8,10,3,0,1,1,4,18,12.1,+10
19,19,2017-11-24,29-078,CLE,,CHO,W (+1),1,31:08,3,6,.500,1,3,.333,4,4,1.000,1,12,13,0,0,1,1,5,11,10.0,-11
20,20,2017-11-27,29-081,CLE,@,PHI,W (+22),1,24:47,4,12,.333,2,7,.286,3,3,1.000,2,1,3,2,1,0,1,4,13,7.7,0
21,21,2017-11-28,29-082,CLE,,MIA,W (+11),1,25:28,10,16,.625,4,8,.500,14,17,.824,2,7,9,2,2,0,3,0,38,33.5,+25
22,22,2017-11-30,29-084,CLE,@,ATL,W (+7),1,33:25,7,16,.438,4,9,.444,7,8,.875,6,10,16,2,0,0,5,2,25,19.0,+12
23,23,2017-12-02,29-086,CLE,,MEM,W (+5),1,30:04,7,12,.583,3,4,.750,3,3,1.000,0,11,11,2,0,0,1,2,20,17.3,+1
24,24,2017-12-04,29-088,CLE,@,CHI,W (+22),1,22:53,8,13,.615,3,6,.500,5,5,1.000,0,13,13,0,0,1,0,0,24,22.7,+9
25,25,2017-12-06,29-090,CLE,,SAC,W (+6),1,29:52,7,16,.438,1,6,.167,3,3,1.000,1,12,13,1,1,0,2,1,18,13.2,-3
26,26,2017-12-08,29-092,CLE,@,IND,L (-4),1,26:03,6,16,.375,2,7,.286,6,10,.600,2,5,7,3,0,0,0,0,20,14.6,+11
27,,2017-12-09,29-093,CLE,,PHI,W (+7),Did Not Dress,Did Not Dress,Did Not Dress,Did Not Dress,Did Not Dress,Did Not Dress,Did Not Dress,Did Not Dress,Did Not Dress,Did Not Dress,Did Not Dress,Did Not Dress,Did Not Dress,Did Not Dress,Did Not Dress,Did Not Dress,Did Not Dress,Did Not Dress,Did Not Dress,Did Not Dress,Did Not Dress,Did Not Dress
28,27,2017-12-12,29-096,CLE,,ATL,W (+9),1,28:27,6,13,.462,4,5,.800,1,3,.333,4,8,12,2,0,0,2,1,17,13.7,+10
29,28,2017-12-14,29-098,CLE,,LAL,W (+9),1,34:34,9,15,.600,4,6,.667,6,6,1.000,1,10,11,3,2,1,2,2,28,26.8,+8
30,29,2017-12-16,29-100,CLE,,UTA,W (+9),1,28:14,7,14,.500,0,3,.000,1,2,.500,2,3,5,4,0,0,0,0,15,12.7,-8
31,30,2017-12-17,29-101,CLE,@,WAS,W (+7),1,31:51,9,20,.450,5,8,.625,2,2,1.000,0,9,9,0,1,0,1,2,25,16.5,+6
32,31,2017-12-19,29-103,CLE,@,MIL,L (-3),1,29:54,8,15,.533,5,11,.455,0,0,,2,8,10,4,1,0,2,0,21,19.3,-9
33,32,2017-12-21,29-105,CLE,,CHI,W (+3),1,29:14,9,15,.600,4,8,.500,5,5,1.000,1,6,7,2,0,0,1,3,27,21.8,+5
34,33,2017-12-25,29-109,CLE,@,GSW,L (-7),1,35:33,9,25,.360,6,11,.545,7,7,1.000,7,11,18,0,2,0,4,3,31,22.1,-1
35,34,2017-12-27,29-111,CLE,@,SAC,L (-14),1,29:40,7,12,.583,3,8,.375,6,6,1.000,0,5,5,0,0,2,1,4,23,17.7,+2
36,35,2017-12-30,29-114,CLE,@,UTA,L (-3),1,29:25,6,16,.375,3,10,.300,5,6,.833,2,8,10,1,0,0,0,3,20,14.1,-10
37,36,2018-01-02,29-117,CLE,,POR,W (+17),1,25:42,5,7,.714,4,5,.800,5,6,.833,1,6,7,0,1,1,3,0,19,16.9,0
38,37,2018-01-03,29-118,CLE,@,BOS,L (-14),1,20:32,1,11,.091,0,4,.000,0,0,,1,4,5,2,0,2,1,0,2,-1.6,-5
39,38,2018-01-06,29-121,CLE,@,ORL,W (+4),1,28:04,8,17,.471,6,12,.500,5,5,1.000,1,4,5,1,0,0,0,5,27,18.9,+12
40,39,2018-01-08,29-123,CLE,@,MIN,L (-28),1,20:38,1,7,.143,1,4,.250,0,0,,1,1,2,0,0,0,0,0,3,-0.5,-30
41,40,2018-01-11,29-126,CLE,@,TOR,L (-34),1,23:01,2,8,.250,0,1,.000,6,7,.857,1,8,9,2,0,0,1,3,10,7.1,-10
42,41,2018-01-12,29-127,CLE,@,IND,L (-2),1,36:10,8,14,.571,1,5,.200,4,4,1.000,1,10,11,0,3,1,2,1,21,19.4,+9
43,42,2018-01-15,29-130,CLE,,GSW,L (-10),1,26:46,5,9,.556,3,5,.600,4,5,.800,0,7,7,3,2,1,0,5,17,17.2,-12
44,43,2018-01-18,29-133,CLE,,ORL,W (+1),1,31:01,3,10,.300,1,6,.167,5,6,.833,0,11,11,2,1,1,1,3,12,10.0,-3
45,44,2018-01-20,29-135,CLE,,OKC,L (-24),1,3:04,0,2,.000,0,2,.000,0,0,,0,0,0,0,0,0,0,0,0,-1.4,-5